product_id,review_id,user_id,user_name,review_title,review_content
B07JW9H4J1,,,,,
B098NS6PVG,,,,,
B096MSW6CT,,,,,
B08HDJ86NZ,,,,,
B08CF3B7N1,,,,,
B08Y1TFSP6,,,,,
B08WRWPM22,,,,,
B08DDRGWTJ,,,,,
B008IFXQFU,,,,,
B082LZGK39,,,,,
B08CF3D7QR,,,,,
B0789LZTCJ,,,,,
B07KSMBL2H,,,,,
B085DTN6R2,,,,,
B09KLVMZ3B,,,,,
B083342NKJ,,,,,
B0B6F7LX4C,,,,,
B082LSVT4B,,,,,
B08WRBG3XW,,,,,
B08DPLCM6T,,,,,
B09C6HXFC1,,,,,
B085194JFL,,,,,
B09F6S8BT6,,,,,
B09NHVCHS9,,,,,
B0B1YVCJ2Y,,,,,
B01M4GGIVU,,,,,
B08B42LWKN,,,,,
B094JNXNPV,,,,,
B09W5XR9RT,,,,,
B077Z65HSD,,,,,
B00NH11PEY,,,,,
B09CMM3VGK,,,,,
B08QSC1XY8,,,,,
B008FWZGSG,,,,,
B0B4HJNPV4,,,,,
B08Y1SJVV5,,,,,
B07XLCFSSN,,,,,
B09RZS1NQT,,,,,
B0B3MMYHYW,,,,,
B09C6HWG18,,,,,
B00NH11KIK,,,,,
B09JPC82QC,,,,,
B07JW1Y6XV,,,,,
B07KRCW6LZ,,,,,
B09NJN8L25,,,,,
B07XJYYH7L,,,,,
B002PD61Y4,,,,,
B014I8SSD0,,,,,
B09L8DSSFH,,,,,
B07232M876,,,,,
B07P681N66,,,,,
B0711PVX6Z,,,,,
B082T6V3DT,,,,,
B07MKFNHKG,,,,,
B0BFWGBX61,,,,,
B01N90RZ4M,,,,,
B0088TKTY2,,,,,
B09Q5SWVBJ,,,,,
B0B4DT8MKT,,,,,
B08CDKQ8T6,,,,,
B07B275VN9,,,,,
B0B15CPR37,,,,,
B0994GFWBH,,,,,
B01GGKZ0V6,,,,,
B09F9YQQ7B,,,,,
B014I8SX4Y,,,,,
B09Q8HMKZX,,,,,
B0B9XN9S3W,,,,,
B07966M8XH,,,,,
B01GGKYKQM,,,,,
B0B86CDHL1,,,,,
B0B5ZF3NRK,,,,,
B09RFC46VP,,,,,
B08R69VDHT,,,,,
B09RWZRCP1,,,,,
B09CMP1SC8,,,,,
B09YLXYP7Y,,,,,
B09ZPM4C2C,,,,,
B0B2DJDCPX,,,,,
B0BCZCQTJX,,,,,
B07LGT55SJ,,,,,
B09NKZXMWJ,,,,,
B08QX1CC14,,,,,
B0974H97TJ,,,,,
B07GVGTSLN,,,,,
B09VCHLSJF,,,,,
B0B1YZX72F,,,,,
B092BJMT8Q,,,,,
B0BMXMLSMM,,,,,
B07JH1C41D,,,,,
B0141EZMAI,,,,,
B09Q5P2MT3,,,,,
B08HDH26JX,,,,,
B09VT6JKRP,,,,,
B09T3KB6JZ,,,,,
B093QCY6YJ,,,,,
B093ZNQZ2Y,,,,,
B08LKS3LSP,,,,,
B00V4BGDKU,,,,,
B08CHKQ8D4,,,,,
B09BW334ML,,,,,
B082T6GVLJ,,,,,
B07DL1KC3H,,,,,
B0B6F98KJJ,,,,,
B07JNVF678,,,,,
B09QGZFBPM,,,,,
B07JGDB5M1,,,,,
B0981XSZJ7,,,,,
B0B9XLX8VR,,,,,
B08Y5KXR6Z,,,,,
B09F6VHQXB,,,,,
B0974G5Q2Y,,,,,
B09YL9SN9B,,,,,
B09RX1FK54,,,,,
B09TT6BFDX,,,,,
B09KH58JZR,,,,,
B09DDCQFMT,,,,,
B08RP2L2NL,,,,,
B0B4G2MWSB,,,,,
B0B21C4BMX,,,,,
B084MZXJNK,,,,,
B0BHZCNC4P,,,,,
B0B16KD737,,,,,
B099K9ZX65,,,,,
B08Y55LPBF,,,,,
B015OW3M1W,,,,,
B01D5H8ZI8,,,,,
B09X1M3DHX,,,,,
B09MM6P76N,,,,,
B01D5H8LDM,,,,,
B0B1YY6JJL,,,,,
B09QGZM8QB,,,,,
B08L4SBJRY,,,,,
B09X79PP8F,,,,,
B082T6GVG9,,,,,
B0B3XY5YT4,,,,,
B0B4HKH19N,,,,,
B08TGG316Z,,,,,
B071VMP1Z4,,,,,
B071SDRGWL,,,,,
B08PSQRW2T,,,,,
B0859M539M,,,,,
B08RX8G496,,,,,
B002SZEOLG,,,,,
B08CS3BT4L,,,,,
B00RFWNJMC,,,,,
B082T6GXS5,,,,,
B09CMQRQM6,,,,,
B005LJQMCK,,,,,
B09C6H53KH,,,,,
B0BB3CBFBM,,,,,
B08QSDKFGQ,,,,,
B08PV1X771,,,,,
B07YTNKVJQ,,,,,
B0117H7GZ6,,,,,
B09XJ1LM7R,,,,,
B084N133Y7,,,,,
B088Z1YWBC,,,,,
B07VSG5SXZ,,,,,
B08RWCZ6SY,,,,,
B07KSB1MLX,,,,,
B081FG1QYX,,,,,
B08R69WBN7,,,,,
B0B3RHX6B6,,,,,
B084N18QZY,,,,,
B081NHWT6Z,,,,,
B07JPJJZ2H,,,,,
B09JKNF147,,,,,
B0B9959XF3,,,,,
B09PNR6F8Q,,,,,
B07M69276N,,,,,
B0B1YZ9CB8,,,,,
B09YLYB9PB,,,,,
B08CTNJ985,,,,,
B0BP7XLX48,,,,,
B09LHXNZLR,,,,,
B0B3N8VG24,,,,,
B08PSVBB2X,,,,,
B0B3MQXNFB,,,,,
B08XMSKKMM,,,,,
B09L8DT7D6,,,,,
B00GE55L22,,,,,
B0162K34H2,,,,,
B0B8SRZ5SV,,,,,
B07CWNJLPC,,,,,
B00NH12R1O,,,,,
B0B8SSC5D9,,,,,
B08WKG2MWT,,,,,
B0B466C3G4,,,,,
B005LJQMZC,,,,,
B07MDRGHWQ,,,,,
B07DC4RZPY,,,,,
B0B15GSPQW,,,,,
B08GJNM9N7,,,,,
B09C6FML9B,,,,,
B0B65MJ45G,,,,,
B08P9RYPLR,,,,,
B0B6F8HHR6,,,,,
B084MZXJN6,,,,,
B08XMG618K,,,,,
B0BCKWZ884,,,,,
B00GGGOYEK,,,,,
B07ZR4S1G4,,,,,
B09C635BMM,,,,,
B00GG59HU2,,,,,
B00RGLI0ZS,,,,,
B09ZPJT8B2,,,,,
B07HZ2QCGR,,,,,
B095244Q22,,,,,
B08CKW1KH9,,,,,
B0BLV1GNLN,,,,,
B08RHPDNVV,,,,,
B00NH13Q8W,,,,,
B0B8SSZ76F,,,,,
B0841KQR1Z,,,,,
B0B467CCB9,,,,,
B095JQVC7N,,,,,
B08PPHFXG3,,,,,
B06XR9PR5X,,,,,
B09JSW16QD,,,,,
B07JH1CBGW,,,,,
B09127FZCK,,,,,
B083GQGT3Z,,,,,
B09Q8WQ5QJ,,,,,
B07YZG8PPY,,,,,
B09H39KTTB,,,,,
B08DCVRW98,,,,,
B0718ZN31Q,,,,,
B0162LYSFS,,,,,
B07PFJ5VQD,,,,,
B01J8S6X2I,,,,,
B09MJ77786,,,,,
B09NNGHG22,,,,,
B07V5YF4ND,,,,,
B0B65P827P,,,,,
B084MZYBTV,,,,,
B097ZQTDVZ,,,,,
B0B5F3YZY4,,,,,
B09G5TSGXV,,,,,
B006LW0WDQ,,,,,
B09YLX91QR,,,,,
B081FJWN52,,,,,
B0758F7KK7,,,,,
B09L835C3V,,,,,
B098TV3L96,,,,,
B08NCKT9FG,,,,,
B0B4T6MR8N,,,,,
B01GGKZ4NU,,,,,
B09BW2GP18,,,,,
B09WN3SRC7,,,,,
B09B125CFJ,,,,,
B09RQRZW2X,,,,,
B07924P3C5,,,,,
B08N1WL9XW,,,,,
B07VVXJ2P5,,,,,
B0BC8BQ432,,,,,
B06XFTHCNY,,,,,
B08CT62BM1,,,,,
B07CRL2GY6,,,,,
B07DWFX9YS,,,,,
B01D5H90L4,,,,,
B07F1P8KNV,,,,,
B084N1BM9L,,,,,
B09F6D21BY,,,,,
B09LQQYNZQ,,,,,
B0BC9BW512,,,,,
B0B61HYR92,,,,,
B075ZTJ9XR,,,,,
B0978V2CP6,,,,,
B09LRZYBH1,,,,,
B0B997FBZT,,,,,
B098LCVYPW,,,,,
B09HV71RL1,,,,,
B08PZ6HZLT,,,,,
B075TJHWVC,,,,,
B09LV13JFB,,,,,
B092BL5DCX,,,,,
B09VH568H7,,,,,
B09HQSV46W,,,,,
B08TZD7FQN,,,,,
B0B21XL94T,,,,,
B09PTT8DZF,,,,,
B0B94JPY2N,,,,,
B0B3XXSB1K,,,,,
B08RZ12GKR,,,,,
B0B4T8RSJ1,,,,,
B0B7B9V9QP,,,,,
B08XXVXP3J,,,,,
B06XGWRKYT,,,,,
B07CWDX49D,,,,,
B09TY4MSH3,,,,,
B07RY2X9MP,,,,,
B0B2C5MJN6,,,,,
B0BBMGLQDW,,,,,
B01LONQBDG,,,,,
B08XXF5V6G,,,,,
B09HK9JH4F,,,,,
B09MMD1FDN,,,,,
B09HN7LD5L,,,,,
B0BNDD9TN6,,,,,
B0941392C8,,,,,
B01M5967SY,,,,,
B016MDK4F4,,,,,
B08G43CCLC,,,,,
B0B61GCHC1,,,,,
B07RX14W1Q,,,,,
B09PLD9TCD,,,,,
B0B8ZKWGKD,,,,,
B09NNJ9WYM,,,,,
B08H5L8V1L,,,,,
B0B8CXTTG3,,,,,
B09HCH3JZG,,,,,
B097JVLW3L,,,,,
B09SB6SJB4,,,,,
B08NW8GHCJ,,,,,
B09YHLPQYT,,,,,
B08G1RW2Q3,,,,,
B08YXJJW8H,,,,,
B09P8M18QM,,,,,
B08BG4M4N7,,,,,
B07VJ9ZTXS,,,,,
B084872DQY,,,,,
B00GGGOYEU,,,,,
B08FD2VSD9,,,,,
B0BQRJ3C47,,,,,
B095JPKPH3,,,,,
B087JWLZ2K,,,,,
B09DSXK8JX,,,,,
B08V9C4B1J,,,,,
B08PKBMJKS,,,,,
B0B8VQ7KDS,,,,,
B086JTMRYL,,,,,
B09RWQ7YR6,,,,,
B00OFM6PEO,,,,,
B0BF57RN3K,,,,,
B0B3RRWSF6,,,,,
B0B5B6PQCT,,,,,
B08HV83HL3,,,,,
B0BBN4DZBD,,,,,
B0B3CPQ5PF,,,,,
B0B3CQBRB4,,,,,
B0BBN56J5H,,,,,
B0BBN3WF7V,,,,,
B0BDRVFDKP,,,,,
B0B5LVS732,,,,,
B09V2Q4QVQ,,,,,
B09V12K8NT,,,,,
B01DEWVZ2C,,,,,
B0BMGB3CH9,,,,,
B08D77XZX5,,,,,
B09XB8GFBQ,,,,,
B07WG8PDCW,,,,,
B07GPXXNNG,,,,,
B0BDYVC5TD,,,,,
B0BMGB2TPR,,,,,
B08MC57J31,,,,,
B08HVL8QN3,,,,,
B0746JGVDS,,,,,
B08VFF6JQ8,,,,,
B09NVPSCQT,,,,,
B09YV4RG4D,,,,,
B09TWHTBKQ,,,,,
B08L5HMJVW,,,,,
B0B4F2XCK3,,,,,
B0BF54972T,,,,,
B09YV4MW2T,,,,,
B09TWH8YHM,,,,,
B07WGMMQGP,,,,,
B0BF563HB4,,,,,
B07JW9H4J1,,,,,
B09GFPVD9Y,,,,,
B09GFLXVH9,,,,,
B0BF4YBLPX,,,,,
B09XB7DPW1,,,,,
B07PFJ5W31,,,,,
B0B3N7LR6K,,,,,
B09ZQK9X8G,,,,,
B098NS6PVG,,,,,
B07WJV6P1R,,,,,
B096MSW6CT,,,,,
B0BF54LXW6,,,,,
B09XB7SRQ5,,,,,
B09FFK1PQG,,,,,
B09RMQYHLH,,,,,
B08ZN4B121,,,,,
B0B3RSDSZ3,,,,,
B08VB34KJ1,,,,,
B09T39K9YL,,,,,
B08VF8V79P,,,,,
B08G28Z33M,,,,,
B09PNKXSKF,,,,,
B0B5DDJNH4,,,,,
B08HDJ86NZ,,,,,
B08CF3B7N1,,,,,
B07WDKLDRX,,,,,
B09MQSCJQ1,,,,,
B094YFFSMY,,,,,
B09MT84WV5,,,,,
B08VS3YLRK,,,,,
B0B4F3QNDM,,,,,
B07GQD4K6L,,,,,
B07WDKLRM4,,,,,
B0BP18W8TM,,,,,
B08Y1TFSP6,,,,,
B07GXHC691,,,,,
B08FN6WGDQ,,,,,
B0B3D39RKV,,,,,
B085HY1DGR,,,,,
B08D75R3Z1,,,,,
B0B4F2TTTS,,,,,
B09WRMNJ9G,,,,,
B0B14MR9L1,,,,,
B09ZPL5VYM,,,,,
B0993BB11X,,,,,
B09V2PZDX8,,,,,
B085W8CFLH,,,,,
B09MT6XSFW,,,,,
B07RD611Z8,,,,,
B08WRWPM22,,,,,
B0B4F52B5X,,,,,
B096VF5YYF,,,,,
B0B5D39BCD,,,,,
B08DDRGWTJ,,,,,
B082LZGK39,,,,,
B09XBJ1CTN,,,,,
B0B4F5L738,,,,,
B08MTCKDYN,,,,,
B09QS8V5N8,,,,,
B08CF3D7QR,,,,,
B09T2WRLJJ,,,,,
B089WB69Y1,,,,,
B0116MIKKC,,,,,
B09P858DK8,,,,,
B07DJLFMPS,,,,,
B07WHQWXL7,,,,,
B07WDK3ZS6,,,,,
B09T2S8X9C,,,,,
B07S9S86BF,,,,,
B07N8RQ6W7,,,,,
B09FKDH6FS,,,,,
B08HVJCW95,,,,,
B09YDFDVNS,,,,,
B07WGPKTS4,,,,,
B0789LZTCJ,,,,,
B09MZCQYHZ,,,,,
B0B4F2ZWL3,,,,,
B08VB2CMR3,,,,,
B095RTJH1M,,,,,
B097R25DP7,,,,,
B09YDFKJF8,,,,,
B07WDK3ZS2,,,,,
B08RZ5K9YH,,,,,
B08444S68L,,,,,
B07WHQBZLS,,,,,
B085DTN6R2,,,,,
B09JS562TP,,,,,
B09KLVMZ3B,,,,,
B09V17S2BG,,,,,
B0B5CGTBKV,,,,,
B0B23LW7NV,,,,,
B09KGV7WSV,,,,,
B0971DWFDT,,,,,
B0BNV7JM5Y,,,,,
B0B53QFZPY,,,,,
B083342NKJ,,,,,
B07WJWRNVK,,,,,
B01F25X6RQ,,,,,
B09C6HXFC1,,,,,
B0B244R4KB,,,,,
B0BMGG6NKT,,,,,
B082LSVT4B,,,,,
B092JHPL72,,,,,
B08WRBG3XW,,,,,
B09GFM8CGS,,,,,
B0B3MWYCHQ,,,,,
B09J2MM5C6,,,,,
B07Q4QV1DL,,,,,
B0B56YRBNT,,,,,
B09NHVCHS9,,,,,
B01DF26V7A,,,,,
B08K4PSZ3V,,,,,
B0B4F1YC3J,,,,,
B08K4RDQ71,,,,,
B085CZ3SR1,,,,,
B09YV3K34W,,,,,
B09Z6WH2N1,,,,,
B09NL4DJ2Z,,,,,
B0BGSV43WY,,,,,
B0926V9CTV,,,,,
B07WGPKMP5,,,,,
B0BBFJ9M3X,,,,,
B09PLFJ7ZW,,,,,
B0B53NXFFR,,,,,
B07GNC2592,,,,,
B09TP5KBN7,,,,,
B0949SBKMP,,,,,
B09V175NP7,,,,,
B07WHSJXLF,,,,,
B0BD3T6Z1D,,,,,
B09LHYZ3GJ,,,,,
B07WFPMGQQ,,,,,
B09QS9X9L8,,,,,
B0B6BLTGTT,,,,,
B077Z65HSD,,,,,
B09W5XR9RT,,,,,
B084DTMYWK,,,,,
B0B53QLB9H,,,,,
B0BDYW3RN3,,,,,
B0B3RS9DNF,,,,,
B09QS9X16F,,,,,
B08HV25BBQ,,,,,
B09LJ116B5,,,,,
B0BMVWKZ8G,,,,,
B0BD92GDQH,,,,,
B08Y1SJVV5,,,,,
B0B5GF6DQD,,,,,
B09JS94MBV,,,,,
B09YV463SW,,,,,
B07XLCFSSN,,,,,
B09NL4DCXK,,,,,
B0B8CHJLWJ,,,,,
B0B8ZWNR5T,,,,,
B0BBFJLP21,,,,,
B01F262EUU,,,,,
B09VZBGL1N,,,,,
B0BNVBJW2S,,,,,
B0B2DJ5RVQ,,,,,
B096TWZRJC,,,,,
B09GP6FBZT,,,,,
B0B3DV7S9B,,,,,
B09MKP344P,,,,,
B08JW1GVS7,,,,,
B09LHZSMRR,,,,,
B0B5V47VK4,,,,,
B08H21B6V7,,,,,
B09BNXQ6BR,,,,,
B01FSYQ2A4,,,,,
B08L5FM4JC,,,,,
B0B54Y2SNX,,,,,
B08BQ947H3,,,,,
B082T6V3DT,,,,,
B0B7DHSKS7,,,,,
B09SJ1FTYV,,,,,
B09XJ5LD6L,,,,,
B07WHS7MZ1,,,,,
B0BBVKRP7B,,,,,
B09NY7W8YD,,,,,
B0BMM7R92G,,,,,
B08M66K48D,,,,,
B09RFB2SJQ,,,,,
B0B82YGCF6,,,,,
B08HF4W2CT,,,,,
B08BCKN299,,,,,
B0B2X35B1K,,,,,
B09QS9CWLV,,,,,
B0B1NX6JTN,,,,,
B078G6ZF5Z,,,,,
B0BBW521YC,,,,,
B09HSKYMB3,,,,,
B09YV42QHZ,,,,,
B09BF8JBWX,,,,,
B0B5YBGCKD,,,,,
B01GGKYKQM,,,,,
B09MY4W73Q,,,,,
B08R69VDHT,,,,,
B09T37CKQ5,,,,,
B09GFPN6TP,,,,,
B0B298D54H,,,,,
B08VB57558,,,,,
B09CMP1SC8,,,,,
B09YLXYP7Y,,,,,
B0B9BXKBC7,,,,,
B09NY6TRXG,,,,,
B09NVPJ3P4,,,,,
B0B3NDPCS9,,,,,
B09VGKFM7Y,,,,,
B07QCWY5XV,,,,,
B098QXR9X2,,,,,
B07H1S7XW8,,,,,
B0BNXFDTZ2,,,,,
B088ZFJY82,,,,,
B0B4F4QZ1H,,,,,
B09BCNQ9R2,,,,,
B0B9BD2YL4,,,,,
B071Z8M4KX,,,,,
B09N3ZNHTY,,,,,
B0B3RRWSF6,,,,,
B0B5B6PQCT,,,,,
B005FYNT3G,,,,,
B01J0XWYKQ,,,,,
B09CTRPSJR,,,,,
B08JQN8DGZ,,,,,
B0B72BSW7K,,,,,
B0BDRVFDKP,,,,,
B0B5LVS732,,,,,
B08TV2P1N8,,,,,
B07XCM6T4N,,,,,
B07T5DKR5D,,,,,
B01DEWVZ2C,,,,,
B07PR1CL3S,,,,,
B09V12K8NT,,,,,
B07JQKQ91F,,,,,
B08W56G1K9,,,,,
B07WG8PDCW,,,,,
B01L8ZNWN2,,,,,
B009VCGPSY,,,,,
B0B296NTFV,,,,,
B09NVPSCQT,,,,,
B09YV4RG4D,,,,,
B07TCN5VR9,,,,,
B00ZYLMQH0,,,,,
B09YV4MW2T,,,,,
B01HJI0FS2,,,,,
B076B8G5D8,,,,,
B07JW9H4J1,,,,,
B014SZO90Y,,,,,
B07KCMR8D6,,,,,
B00N1U9AJS,,,,,
B07KY3FNQP,,,,,
B0B3N7LR6K,,,,,
B07QZ3CZ48,,,,,
B09T3H12GV,,,,,
B098NS6PVG,,,,,
B096MSW6CT,,,,,
B09ZQK9X8G,,,,,
B08ZJDWTJ1,,,,,
B08FTFXNNB,,,,,
B08YDFX7Y1,,,,,
B08HDJ86NZ,,,,,
B087FXHB6J,,,,,
B07N42JB4S,,,,,
B0B31BYXQQ,,,,,
B08CF3B7N1,,,,,
B07SLMR1K6,,,,,
B09MQSCJQ1,,,,,
B094YFFSMY,,,,,
B092X94QNQ,,,,,
B0846D5CBP,,,,,
B00KXULGJQ,,,,,
B08H9Z3XQW,,,,,
B08LPJZSSW,,,,,
B09MT84WV5,,,,,
B08Y1TFSP6,,,,,
B08CYPB15D,,,,,
B085HY1DGR,,,,,
B00MFPCY5C,,,,,
B07JJFSG2B,,,,,
B09NR6G588,,,,,
B07JPX9CR7,,,,,
B08D11DZ2W,,,,,
B07Q7561HD,,,,,
B0819HZPXL,,,,,
B00LXTFMRS,,,,,
B0B9LDCX89,,,,,
B0765B3TH7,,,,,
B0B1F6GQPS,,,,,
B07LG59NPV,,,,,
B07RD611Z8,,,,,
B08WRWPM22,,,,,
B00AXHBBXU,,,,,
B08MCD9JFY,,,,,
B083RCTXLL,,,,,
B08HLZ28QC,,,,,
B07GVR9TG7,,,,,
B0856HY85J,,,,,
B07CD2BN46,,,,,
B07PLHTTB4,,,,,
B077T3BG5L,,,,,
B08DDRGWTJ,,,,,
B079Y6JZC8,,,,,
B0856HNMR7,,,,,
B0B12K5BPM,,,,,
B08MTCKDYN,,,,,
B08CF3D7QR,,,,,
B00LVMTA2A,,,,,
B07TR5HSR9,,,,,
B0819ZZK5K,,,,,
B096VF5YYF,,,,,
B08QJJCY2Q,,,,,
B07L5L4GTB,,,,,
B07L8KNP5F,,,,,
B08CF4SCNP,,,,,
B09XX51X2G,,,,,
B01M72LILF,,,,,
B07KSMBL2H,,,,,
B00LZLQ624,,,,,
B07DJLFMPS,,,,,
B09GB5B4BK,,,,,
B015ZXUDD0,,,,,
B085DTN6R2,,,,,
B09PL79D2X,,,,,
B098K3H92Z,,,,,
B09KLVMZ3B,,,,,
B084PJSSQ1,,,,,
B097R25DP7,,,,,
B097C564GC,,,,,
B08CYNJ5KY,,,,,
B00Y4ORQ46,,,,,
B074CWD7MS,,,,,
B083342NKJ,,,,,
B09C6HXFC1,,,,,
B00A0VCJPI,,,,,
B00UGZWM2I,,,,,
B00R1P3B4O,,,,,
B0B3MWYCHQ,,,,,
B09DG9VNWB,,,,,
B09Y5MP7C4,,,,,
B01DJJVFPC,,,,,
B07DFYJRQV,,,,,
B08L879JSN,,,,,
B08TDJNM3G,,,,,
B06XSK3XL6,,,,,
B07YNTJ8ZM,,,,,
B09KGV7WSV,,,,,
B08DPLCM6T,,,,,
B07KR5P3YD,,,,,
B08FB2LNSZ,,,,,
B01IBRHE3E,,,,,
B01N6LU1VF,,,,,
B07XLML2YS,,,,,
B086WMSCN3,,,,,
B003B00484,,,,,
B085194JFL,,,,,
B09F6S8BT6,,,,,
B003L62T7W,,,,,
B09P18XVW6,,,,,
B00LZLPYHW,,,,,
B09NHVCHS9,,,,,
B00NNQMYNE,,,,,
B0B217Z5VK,,,,,
B07B88KQZ8,,,,,
B01M4GGIVU,,,,,
B07Z3K96FR,,,,,
B0756CLQWL,,,,,
B004IO5BMQ,,,,,
B09Z6WH2N1,,,,,
B01HGCLUH6,,,,,
B01N4EV2TL,,,,,
B08MZQBFLN,,,,,
B0752LL57V,,,,,
B08K4PSZ3V,,,,,
B09Z28BQZT,,,,,
B094DQWV9B,,,,,
B0BBMPH39N,,,,,
B097JQ1J5G,,,,,
B07YY1BY5B,,,,,
B08VRMK55F,,,,,
B08CHZ3ZQ7,,,,,
B08SCCG9D4,,,,,
B0972BQ2RS,,,,,
B00ZRBWPA0,,,,,
B0B2DD66GS,,,,,
B09M869Z5V,,,,,
B07W6VWZ8C,,,,,
B07Z1X6VFC,,,,,
B07YL54NVJ,,,,,
B0759QMF85,,,,,
B00LM4X0KU,,,,,
B08PFSZ7FH,,,,,
B012MQS060,,,,,
B01MF8MB65,,,,,
B00LHZWD0C,,,,,
B08QDPB1SL,,,,,
B07BRKK9JQ,,,,,
B01EZ0X3L8,,,,,
B00LM4W1N2,,,,,
B0949SBKMP,,,,,
B08YD264ZS,,,,,
B094JNXNPV,,,,,
B00GZLB57U,,,,,
B07V82W5CN,,,,,
B077Z65HSD,,,,,
B08HD7JQHX,,,,,
B0B31FR4Y2,,,,,
B09Y14JLP3,,,,,
B09ZHCJDP1,,,,,
B08C4Z69LN,,,,,
B016XVRKZM,,,,,
B00LHZW3XY,,,,,
B098JYT4SY,,,,,
B08CFCK6CW,,,,,
B09P564ZTJ,,,,,
B07MSLTW8Z,,,,,
B09N6TTHT6,,,,,
B09W5XR9RT,,,,,
B098R25TGC,,,,,
B0B2PQL5N3,,,,,
B07DKZCZ89,,,,,
B08GYG6T12,,,,,
B09BN2NPBD,,,,,
B00J4YG0PC,,,,,
B073BRXPZX,,,,,
B08LHTJTBB,,,,,
B07VTFN6HM,,,,,
B008QS9J6Y,,,,,
B09M8888DM,,,,,
B07Z1YVP72,,,,,
B082FTPRSK,,,,,
B09RF2QXGX,,,,,
B01KK0HU3Y,,,,,
B07JF9B592,,,,,
B086394NY5,,,,,
B00NH11PEY,,,,,
B017PDR9N0,,,,,
B07NC12T2R,,,,,
B07WKBD37W,,,,,
B08JMC1988,,,,,
B09GFN8WZL,,,,,
B095X38CJS,,,,,
B07ZKD8T1Q,,,,,
B07G3YNLJB,,,,,
B00P93X2H6,,,,,
B0798PJPCL,,,,,
B09GFWJDY1,,,,,
B09MZ6WZ6V,,,,,
B094QZLJQ6,,,,,
B07L3NDN24,,,,,
B08WD18LJZ,,,,,
B09CMM3VGK,,,,,
B06XDKWLJH,,,,,
B01J1CFO5I,,,,,
B07J2NGB69,,,,,
B00MUTWLW4,,,,,
B08QSC1XY8,,,,,
B017NC2IPM,,,,,
B00N1U7JXM,,,,,
B08HQL67D6,,,,,
B09RKFBCV7,,,,,
B08KHM9VBJ,,,,,
B01IOZUHRS,,,,,
B00CEQEGPI,,,,,
B08B6XWQ1C,,,,,
B01DGVKBC6,,,,,
B008FWZGSG,,,,,
B08JD36C6H,,,,,
B00E3DVQFS,,,,,
B0B4HJNPV4,,,,,
B00BN5SNF0,,,,,
B09SGGRKV8,,,,,
B07XLCFSSN,,,,,
B09RZS1NQT,,,,,
B084BR3QX8,,,,,
B09VC2D2WG,,,,,
B09163Q5CD,,,,,
B08K9PX15C,,,,,
B083RD1J99,,,,,
B09Z7YGV3R,,,,,
B00N3XLDW0,,,,,
B07Z53L5QL,,,,,
B00P93X0VO,,,,,
B07SBGFDX9,,,,,
B09C6HWG18,,,,,
B00NH11KIK,,,,,
B07X2L5Z8C,,,,,
B00VA7YYUO,,,,,
B07L9FW9GF,,,,,
B08D64C9FN,,,,,
B07XJYYH7L,,,,,
B00LOD70SC,,,,,
B09X76VL5L,,,,,
B091JF2TFD,,,,,
B07S7DCJKS,,,,,
B09NC2TY11,,,,,
B0BDS8MY8J,,,,,
B09X7DY7Q4,,,,,
B09YV575RK,,,,,
B08LW31NQ6,,,,,
B09ND94ZRG,,,,,
B00P93X6EK,,,,,
B07KRCW6LZ,,,,,
B0994GP1CX,,,,,
B07H8W9PB6,,,,,
B09NNHFSSF,,,,,
B08D9NDZ1Y,,,,,
B0085IATT6,,,,,
B08WJ86PV2,,,,,
B078HRR1XV,,,,,
B09P22HXH6,,,,,
B00LM4X3XE,,,,,
B09YLFHFDW,,,,,
B07YWS9SP9,,,,,
B002PD61Y4,,,,,
B08WLY8V9S,,,,,
B0873L7J6X,,,,,
B07YNHCW6N,,,,,
B07232M876,,,,,
B01MQ2A86A,,,,,
B00KIE28X0,,,,,
B08BQ947H3,,,,,
B0BHYJ8CVF,,,,,
B0BCVJ3PVP,,,,,
B0B2931FCV,,,,,
B09TMZ1MF8,,,,,
B07VV37FT4,,,,,
B07P681N66,,,,,
B07JB2Y4SR,,,,,
B08KRMK9LZ,,,,,
B08LT9BMPP,,,,,
B082T6V3DT,,,,,
B0814ZY6FP,,,,,
B09F3PDDRF,,,,,
B07X963JNS,,,,,
B09LD3116F,,,,,
B08Y5QJTVK,,,,,
B00LY1FN1K,,,,,
B07DJ5KYDZ,,,,,
B009LJ2BXA,,,,,
B09BVCVTBC,,,,,
B0BFWGBX61,,,,,
B07SY4C3TD,,,,,
B094JB13XL,,,,,
B08CRRQK6Z,,,,,
B08MTLLSL8,,,,,
B08Y57TPDM,,,,,
B09CYTJV3N,,,,,
B07GLNJC25,,,,,
B08FY4FG5X,,,,,
B07TMCXRFV,,,,,
B01FSYQ2A4,,,,,
B00LZPQVMK,,,,,
B08X77LM8C,,,,,
B01EJ5MM5M,,,,,
B08J82K4GX,,,,,
B07Z1Z77ZZ,,,,,
B00DJ5N9VK,,,,,
B0B4DT8MKT,,,,,
B08FGNPQ9X,,,,,
B07NTKGW45,,,,,
B08CDKQ8T6,,,,,
B08J4PL1Z3,,,,,
B07XJWTYM2,,,,,
B09939XJX8,,,,,
B09MDCZJXS,,,,,
B08CTQP51L,,,,,
B0BG62HMDJ,,,,,
B08GTYFC37,,,,,
B08SBH499M,,,,,
B08FYB5HHK,,,,,
B0994GFWBH,,,,,
B0B5GJRTHB,,,,,
B09GBBJV72,,,,,
B07P434WJY,,,,,
B07T9FV9YP,,,,,
B01GGKZ0V6,,,,,
B08WKFSN84,,,,,
B09TBCVJS3,,,,,
B08TR61BVK,,,,,
B0B2CPVXHX,,,,,
B08XNL93PL,,,,,
B088GXTJM3,,,,,
B099S26HWG,,,,,
B08461VC1Z,,,,,
B00K32PEW4,,,,,
B09F9YQQ7B,,,,,
B07LFWP97N,,,,,
B0746N6WML,,,,,
B07W9KYT62,,,,,
B0B5ZF3NRK,,,,,
B08D9MNH4B,,,,,
B078G6ZF5Z,,,,,
B09MKG4ZCM,,,,,
B07RZZ1QSW,,,,,
B08BCKN299,,,,,
B07222HQKP,,,,,
B00NFD0ETQ,,,,,
B075DB1F13,,,,,
B0148NPH9I,,,,,
B01JOFKL0A,,,,,
B09Q8HMKZX,,,,,
B079S811J3,,,,,
B0083T231O,,,,,
B086PXQ2R4,,,,,
B07L1N3TJX,,,,,
B07YFWVRCM,,,,,
B01GGKYKQM,,,,,
B08TDJ5BVF,,,,,
B09XXZXQC1,,,,,
B083T5G5PM,,,,,
B0BHVPTM2C,,,,,
B0B86CDHL1,,,,,
B01NBX5RSB,,,,,
B08MWJTST6,,,,,
B07R99NBVB,,,,,
B08R69VDHT,,,,,
B00LY12TH6,,,,,
B09RWZRCP1,,,,,
B08497Z1MQ,,,,,
B07KNM95JK,,,,,
B09Q3M3WLJ,,,,,
B09B9SPC7F,,,,,
B09CMP1SC8,,,,,
B099SD8PRP,,,,,
B09YLXYP7Y,,,,,
B00S2SEV7K,,,,,
B08WKCTFF3,,,,,
B08498D67S,,,,,
B00C3GBCIS,,,,,
B00URH5E34,,,,,
B00EYW1U68,,,,,
B08SMJT55F,,,,,
B0B2DJDCPX,,,,,
B08Y7MXFMK,,,,,
B086Q3QMFS,,,,,
B08498H13H,,,,,
B07LFQLKFZ,,,,,
B00LY17RHI,,,,,
B07W14CHV8,,,,,
B0B9BXKBC7,,,,,
B09F5Z694W,,,,,
B0B25LQQPC,,,,,
B07GVGTSLN,,,,,
B01LYLJ99X,,,,,
B014SZPBM4,,,,,
B08CZHGHKH,,,,,
B0B2RBP83P,,,,,
B078W65FJ7,,,,,
B08S74GTBT,,,,,
B0B9BD2YL4,,,,,
B0BMXMLSMM,,,,,
B0141EZMAI,,,,,
B07QMRHWJD,,,,,
B07W7Z6DVL,,,,,
B07WMS7TWB,,,,,
B00H47GVGY,,,,,
B07VX71FZP,,,,,
B07NCKMXVZ,,,,,
B0B61DSF17,,,,,
B07VQGVL68,,,,,
B01LWYDEQ7,,,,,
B07VNFP3C2,,,,,
B00LUGTJGO,,,,,
B01MQZ7J8K,,,,,
B01GFTEV5Y,,,,,
B00NW4UWN6,,,,,
B01NCVJMKX,,,,,
B00O24PUO6,,,,,
B07GXPDLYQ,,,,,
B01C8P29N0,,,,,
B08KDBLMQP,,,,,
B078JDNZJ8,,,,,
B01M5F614J,,,,,
B083GKDRKR,,,,,
B097R2V1W8,,,,,
B07YR26BJ3,,,,,
B097R45BH8,,,,,
B09X5C9VLK,,,,,
B01C8P29T4,,,,,
B00HVXS7WC,,,,,
B096YCN3SD,,,,,
B09LQH3SD9,,,,,
B09KNMLH4Y,,,,,
B00ABMASXG,,,,,
B07QDSN9V6,,,,,
B00YMJ0OI8,,,,,
B0B8XNPQPN,,,,,
B0814P4L98,,,,,
B008QTK47Q,,,,,
B088ZTJT2R,,,,,
B0BK1K598K,,,,,
B09Y5FZK9N,,,,,
B09J2SCVQT,,,,,
B00TDD0YM4,,,,,
B078KRFWQB,,,,,
B07SRM58TP,,,,,
B00EDJJ7FS,,,,,
B0832W3B7Q,,,,,
B07WNK1FFN,,,,,
B009P2LK08,,,,,
B07DGD4Z4C,,,,,
B07GMFY9QM,,,,,
B0BGPN4GGH,,,,,
B0B2DZ5S6R,,,,,
B07S851WX5,,,,,
B01MY839VW,,,,,
B09LV1CMGH,,,,,
B01EY310UM,,,,,
B09NL7LBWT,,,,,
B008YW8M0G,,,,,
B097R3XH9R,,,,,
B08TM71L54,,,,,
B0BPBXNQQT,,,,,
B00W56GLOQ,,,,,
B0883KDSXC,,,,,
B078V8R9BS,,,,,
B08GSQXLJ2,,,,,
B01M5B0TPW,,,,,
B082KVTRW8,,,,,
B08CFJBZRK,,,,,
B07H3WDC4X,,,,,
B09ZTZ9N3Q,,,,,
B083P71WKK,,,,,
B097R4D42G,,,,,
B07MKMFKPG,,,,,
B0949FPSFY,,,,,
B08F47T4X5,,,,,
B01M0505SJ,,,,,
B08D6RCM3Q,,,,,
B009P2LITG,,,,,
B00V9NHDI4,,,,,
B07WGPBXY9,,,,,
B00KRCBA6E,,,,,
B0B3X2BY3M,,,,,
B00F159RIK,,,,,
B08MV82R99,,,,,
B09VKWGZD7,,,,,
B009P2LK80,,,,,
B00A7PLVU6,,,,,
B0B25DJ352,,,,,
B013B2WGT6,,,,,
B097RJ867P,,,,,
B091V8HK8Z,,,,,
B071VNHMX2,,,,,
B08MVSGXMY,,,,,
B00H0B29DI,,,,,
B01GZSQJPA,,,,,
B08VGFX2B6,,,,,
B09GYBZPHF,,,,,
B0B4KPCBSH,,,,,
B09CGLY5CX,,,,,
B09JN37WBX,,,,,
B01I1LDZGA,,,,,
B0BN2576GQ,,,,,
B06XPYRWV5,,,,,
B01N1XVVLC,,,,,
B00O2R38C4,,,,,
B0B2CZTCL2,,,,,
B00PVT30YI,,,,,
B00SH18114,,,,,
B00E9G8KOY,,,,,
B00H3H03Q4,,,,,
B0756K5DYZ,,,,,
B0188KPKB2,,,,,
B091KNVNS9,,,,,
B075JJ5NQC,,,,,
B0B5KZ3C53,,,,,
B09NTHQRW3,,,,,
B008YW3CYM,,,,,
B07QHHCB27,,,,,
B0BMFD94VD,,,,,
B00HZIOGXW,,,,,
B09CKSYBLR,,,,,
B072J83V9W,,,,,
B09MTLG4TP,,,,,
B097XJQZ8H,,,,,
B00935MD1C,,,,,
B0BR4F878Q,,,,,
B0B3G5XZN5,,,,,
B07WKB69RS,,,,,
B09DL9978Y,,,,,
B06XMZV7RH,,,,,
B09WMTJPG7,,,,,
B09ZK6THRR,,,,,
B07MP21WJD,,,,,
B09XB1R2F3,,,,,
B08Y5QJXSR,,,,,
B07WJXCTG9,,,,,
B09NBZ36F7,,,,,
B0912WJ87V,,,,,
B0BMTZ4T1D,,,,,
B07Z51CGGH,,,,,
B0BDG6QDYD,,,,,
B00YQLG7GK,,,,,
B00SMJPA9C,,,,,
B0B9RN5X8B,,,,,
B08QW937WV,,,,,
B0B4PPD89B,,,,,
B08GM5S4CQ,,,,,
B00NM6MO26,,,,,
B083M7WPZD,,,,,
B07GLSKXS1,,,,,
B09F6KL23R,,,,,
B094G9L9LT,,,,,
B09FZ89DK6,,,,,
B0811VCGL5,,,,,
B07FXLC2G2,,,,,
B01LYU3BZF,,,,,
B083RC4WFJ,,,,,
B09SFRNKSR,,,,,
B07NRTCDS5,,,,,
B07SPVMSC6,,,,,
B09H3BXWTK,,,,,
B0073QGKAS,,,,,
B08GJ57MKL,,,,,
B009DA69W6,,,,,
B099PR2GQJ,,,,,
B08G8H8DPL,,,,,
B08VGM3YMF,,,,,
B08TTRVWKY,,,,,
B07T4D9FNY,,,,,
B07RX42D3D,,,,,
B08WRKSF9D,,,,,
B09R83SFYV,,,,,
B07989VV5K,,,,,
B07FL3WRX5,,,,,
B0BPCJM7TB,,,,,
B08H673XKN,,,,,
B07DXRGWDJ,,,,,
B08243SKCK,,,,,
B09SPTNG58,,,,,
B083J64CBB,,,,,
B08JV91JTK,,,,,
B0BQ3K23Y1,,,,,
B09MT94QLL,,,,,
B07NKNBTT3,,,,,
B09KPXTZXN,,,,,
B078HG2ZPS,,,,,
B07N2MGB3G,,,,,
B008LN8KDM,,,,,
B08MZNT7GP,,,,,
B009P2L7CO,,,,,
B07YC8JHMB,,,,,
B0BNQMF152,,,,,
B08J7VCT12,,,,,
B0989W6J2F,,,,,
B0B84KSH3X,,,,,
B08HLC7Z3G,,,,,
B0BN6M3TCM,,,,,
B01L6MT7E0,,,,,
B0B9F9PT8R,,,,,
B0883LQJ6B,,,,,
B099Z83VRC,,,,,
B00S9BSJC8,,,,,
B0B4SJKRDF,,,,,
B0BM4KTNL1,,,,,
B08S6RKT4L,,,,,
B09SZ5TWHW,,,,,
B0BLC2BYPX,,,,,
B00P0R95EA,,,,,
B07W4HTS8Q,,,,,
B078JBK4GX,,,,,
B08S7V8YTN,,,,,
B07H5PBN54,,,,,
B07YCBSCYB,,,,,
B098T9CJVQ,,,,,
B01KCSGBU2,,,,,
B095XCRDQW,,,,,
B09CTWFV5W,,,,,
B0B7NWGXS6,,,,,
B07DZ986Q2,,,,,
B07KKJPTWB,,,,,
B071R3LHFM,,,,,
B086X18Q71,,,,,
B07WVQG8WZ,,,,,
B0BFBNXS94,,,,,
B071113J7M,,,,,
B09YLWT89W,,,,,
B0814LP6S9,,,,,
B07BKSSDR2,,,,,
B09VGS66FV,,,,,
B07RCGTZ4M,,,,,
B0747VDH9L,,,,,
B08XLR6DSB,,,,,
B08H6CZSHT,,,,,
B07CVR2L5K,,,,,
B09J4YQYX3,,,,,
B0B2DD8BQ8,,,,,
B0123P3PWE,,,,,
B08HDCWDXD,,,,,
B0836JGZ74,,,,,
B0BCKJJN8R,,,,,
B008P7IF02,,,,,
B08CNLYKW5,,,,,
B08C7TYHPB,,,,,
B08VJFYH6N,,,,,
B08235JZFB,,,,,
B078XFKBZL,,,,,
B01M265AAK,,,,,
B0B694PXQJ,,,,,
B00B3VFJY2,,,,,
B08W9BK4MD,,,,,
B09X5HD5T1,,,,,
B08H6B3G96,,,,,
B09N3BFP4M,,,,,
B09DSQXCM8,,,,,
B01M69WCZ6,,,,,
B0BM9H2NY9,,,,,
B099FDW2ZF,,,,,
B0B935YNR7,,,,,
B07JGCGNDG,,,,,
B08L12N5H1,,,,,
B07GWTWFS2,,,,,
B09KRHXTLN,,,,,
B09H34V36W,,,,,
B09J2QCKKM,,,,,
B09XRBJ94N,,,,,
B07SLNG3LW,,,,,
B0BNDGL26T,,,,,
B095PWLLY6,,,,,
B07Y9PY6Y1,,,,,
B0BJ966M5K,,,,,
B086GVRP63,,,,,
B08MVXPTDG,,,,,
B0BMZ6SY89,,,,,
B09P1MFKG1,,,,,
B01LY9W8AF,,,,,
B07ZJND9B9,,,,,
B0B2CWRDB1,,,,,
B072NCN9M4,,,,,
B08SKZ2RMG,,,,,
B0B53DS4TF,,,,,
B08BJN4MP3,,,,,
B0BCYQY9X5,,,,,
B009UORDX4,,,,,
B08VGDBF3B,,,,,
B012ELCYUG,,,,,
B07S9M8YTY,,,,,
B0B19VJXQZ,,,,,
B00SMFPJG0,,,,,
B0BHYLCL19,,,,,
B0BPJBTB3F,,,,,
B08MXJYB2V,,,,,
B081B1JL35,,,,,
B09VL9KFDB,,,,,
B0B1MDZV9C,,,,,
B08TT63N58,,,,,
B08YK7BBD2,,,,,
B07YQ5SN4H,,,,,
B0B7FJNSZR,,,,,
B01N6IJG0F,,,,,
B0B84QN4CN,,,,,
B0B8ZM9RVV,,,,,
B01892MIPA,,,,,
B08ZHYNTM1,,,,,
B09SDDQQKP,,,,,
B0B5RP43VN,,,,,
B096NTB9XT,,,,,
B078JF6X9B,,,,,
B08CGW4GYR,,,,,
B00A328ENA,,,,,
B0763K5HLQ,,,,,
B09PDZNSBG,,,,,
B085LPT5F4,,,,,
B0B9RZ4G4W,,,,,
B0085W2MUQ,,,,,
B09474JWN6,,,,,
B09G2VTHQM,,,,,
B07R679HTT,,,,,
B00B7GKXMG,,,,,
B07H3N8RJH,,,,,
B07K2HVKLL,,,,,
B09MQ9PDHR,,,,,
B014HDJ7ZE,,,,,
B07D2NMTTV,,,,,
B075K76YW1,,,,,
B0BNLFQDG2,,,,,
B082ZQ4479,,,,,
B09Y358DZQ,,,,,
B09M3F4HGB,,,,,
B07VZH6ZBB,,,,,
B07F366Z51,,,,,
B077BTLQ67,,,,,
B07YSJ7FF1,,,,,
B07TXCY3YK,,,,,
B07TC9F7PN,,,,,
B09NS5TKPN,,,,,
B00LP9RFSU,,,,,
B0B7L86YCB,,,,,
B09VPH38JS,,,,,
B01MUAUOCX,,,,,
B09MB3DKG1,,,,,
B08QHLXWV3,,,,,
B07G147SZD,,,,,
B09LH32678,,,,,
B09R1YFL6S,,,,,
B07Q4NJQC5,,,,,
B097RN7BBK,,,,,
B097MKZHNV,,,,,
B07LG96SDB,,,,,
B08KS2KQTK,,,,,
B095K14P86,,,,,
B08K36NZSV,,,,,
B07LDPLSZC,,,,,
B07F1T31ZZ,,,,,
B0BNDRK886,,,,,
B09ZVJXN5L,,,,,
B08JKPVDKL,,,,,
B09JFR8H3Q,,,,,
B07LDN9Q2P,,,,,
B08T8KWNQ9,,,,,
B07Y1RCCW5,,,,,
B0762HXMTF,,,,,
B00K57MR22,,,,,
B07TTSS5MP,,,,,
B09ZDVL7L8,,,,,
B09XHXXCFH,,,,,
B0BL3R4RGS,,,,,
B07P1BR7L8,,,,,
B078WB1VWJ,,,,,
B0BP89YBC1,,,,,
B09W9V2PXG,,,,,
B09XTQFFCG,,,,,
B08LVVTGZK,,,,,
B07J2BQZD6,,,,,
B07HK53XM4,,,,,
B08RDWBYCQ,,,,,
B09FHHTL8L,,,,,
B0BHNHMR3H,,,,,
B07D8VBYB4,,,,,
B0B3TBY2YX,,,,,
B088WCFPQF,,,,,
B07JZSG42Y,,,,,
B08YRMBK9R,,,,,
B00935MGHS,,,,,
B07B5XJ572,,,,,
B086199CWG,,,,,
B0BBWJFK5C,,,,,
B07GLS2563,,,,,
B09P182Z2H,,,,,
B0B59K1C8F,,,,,
B06Y36JKC3,,,,,
B075S9FVRY,,,,,
B08SJVD8QD,,,,,
B07FJNNZCJ,,,,,
B09MFR93KS,,,,,
B07Y5FDPKV,,,,,
B0756KCV5K,,,,,
B0BJ6P3LSK,,,,,
B09HS1NDRQ,,,,,
B018SJJ0GE,,,,,
B09FPP3R1D,,,,,
B01F7B2JCI,,,,,
B09NNZ1GF7,,,,,
B01CS4A5V4,,,,,
B0BL11S5QK,,,,,
B09BL2KHQW,,,,,
B081RLM75M,,,,,
B07SYYVP69,,,,,
B0BDZWMGZ1,,,,,
B078JT7LTD,,,,,
B09WF4Q7B3,,,,,
B092R48XXB,,,,,
B00KIDSU8S,,,,,
B0977CGNJJ,,,,,
B08WWKM5HQ,,,,,
B015GX9Y0W,,,,,
B089BDBDGM,,,,,
B0BPBG712X,,,,,
B00JBNZPFM,,,,,
B08N6P8G5K,,,,,
B07NPBG1B4,,,,,
B01MRARGBW,,,,,
B07VZYMQNZ,,,,,
B01L7C4IU2,,,,,
B09H7JDJCW,,,,,
B07F6GXNPB,,,,,
B0B97D658R,,,,,
B09NFSHCWN,,,,,
B076VQS87V,,,,,
B09LMMFW3S,,,,,
B0BBLHTRM9,,,,,
B0BJYSCWFQ,,,,,
B0187F2IOK,,,,,
B0B8CB7MHW,,,,,
B07K19NYZ8,,,,,
B08ZXZ362Z,,,,,
B00GHL8VP2,,,,,
B0B9JZW1SQ,,,,,
B00TI8E7BI,,,,,
B07J9KXQCC,,,,,
B0B3JSWG81,,,,,
B08L7J3T31,,,,,
B01M6453MB,,,,,
B009P2LIL4,,,,,
B00J5DYCCA,,,,,
B01486F4G6,,,,,
